{
  "dataset": "iwpc_warfarin.xls",
  "split": {
    "test_size": 0.2,
    "random_state": 42
  },
  "models": {
    "1. Clinical Baseline (Linear)": {
      "mae": 10.305454351117794,
      "rmse": 13.66453459605178,
      "r2": 0.23690931156046635,
      "within_20_pct": 35.62386980108499
    },
    "2. Pharmacogenetic Baseline (Ridge)": {
      "mae": 8.739891128831877,
      "rmse": 11.921547578993007,
      "r2": 0.41916639140956524,
      "within_20_pct": 42.31464737793852
    },
    "3. Random Forest": {
      "mae": 9.507385498362718,
      "rmse": 13.824301402477316,
      "r2": 0.2189607615486998,
      "within_20_pct": 39.963833634719705
    },
    "4. XGBoost": {
      "mae": 8.920908292615177,
      "rmse": 12.356033221438699,
      "r2": 0.37605745548961467,
      "within_20_pct": 42.31464737793852
    },
    "5. LightGBM": {
      "mae": 8.832769169671836,
      "rmse": 12.085080341486622,
      "r2": 0.4031220313506554,
      "within_20_pct": 42.31464737793852
    },
    "0. IWPC Clinical Calculator": {
      "mae": 12.153743624245395,
      "rmse": 16.28379932061269,
      "r2": -0.08367223954983194,
      "within_20_pct": 28.119349005424954
    }
  },
  "winner": {
    "model": "2. Pharmacogenetic Baseline (Ridge)",
    "mae": 8.739891128831877,
    "rmse": 11.921547578993007,
    "r2": 0.41916639140956524,
    "within_20_pct": 42.31464737793852
  }
}