{
  "historical_dataset": "/home/karthick_js/Documents/programs/vitalink_ip_lab/ml_pipeline/warfarin_pipeline/data/warfarin_cohort.csv",
  "incoming_batches": 3,
  "future_test_size": 600,
  "update_strategy": "cumulative batch retraining on shifted incoming cohorts",
  "rounds": [
    {
      "round": "Initial",
      "train_size": 2500,
      "dose": {
        "rmse": 12.084867016961773,
        "mae": 9.737799879709879,
        "r2": 0.23887128151693615,
        "within_20_pct": 32.166666666666664
      },
      "stability": {
        "rmse": 7.604721067635419,
        "mae": 6.14131815592448,
        "r2": -0.4777085524252582,
        "within_7_days_pct": 61.66666666666667
      }
    },
    {
      "round": "Update 1",
      "train_size": 2800,
      "dose": {
        "rmse": 12.23720017518604,
        "mae": 9.802796327590942,
        "r2": 0.21956185892288804,
        "within_20_pct": 30.666666666666664
      },
      "stability": {
        "rmse": 5.874464076347516,
        "mae": 4.7051439952850345,
        "r2": 0.1182231088622665,
        "within_7_days_pct": 77.83333333333333
      }
    },
    {
      "round": "Update 2",
      "train_size": 3100,
      "dose": {
        "rmse": 12.976917879500885,
        "mae": 10.406182841300964,
        "r2": 0.12235785542470978,
        "within_20_pct": 32.83333333333333
      },
      "stability": {
        "rmse": 5.960811635647038,
        "mae": 4.755605265299479,
        "r2": 0.09211047650781823,
        "within_7_days_pct": 76.0
      }
    },
    {
      "round": "Update 3",
      "train_size": 3400,
      "dose": {
        "rmse": 12.763671021718725,
        "mae": 10.22232696755727,
        "r2": 0.1509650636038664,
        "within_20_pct": 32.83333333333333
      },
      "stability": {
        "rmse": 5.904438605455438,
        "mae": 4.711437489191691,
        "r2": 0.1092015952005323,
        "within_7_days_pct": 76.5
      }
    }
  ],
  "artifacts": {
    "metrics_csv": "/home/karthick_js/Documents/programs/vitalink_ip_lab/ml_pipeline/warfarin_pipeline/evaluation/output/continual_update_metrics.csv",
    "summary_json": "/home/karthick_js/Documents/programs/vitalink_ip_lab/ml_pipeline/warfarin_pipeline/evaluation/output/continual_update_summary.json",
    "performance_plot": "/home/karthick_js/Documents/programs/vitalink_ip_lab/ml_pipeline/warfarin_pipeline/evaluation/output/continual_update_performance.png",
    "shift_plot": "/home/karthick_js/Documents/programs/vitalink_ip_lab/ml_pipeline/warfarin_pipeline/evaluation/output/continual_update_shift.png",
    "scatter_plot": "/home/karthick_js/Documents/programs/vitalink_ip_lab/ml_pipeline/warfarin_pipeline/evaluation/output/continual_update_scatter.png",
    "report": "/home/karthick_js/Documents/programs/vitalink_ip_lab/ml_pipeline/warfarin_pipeline/evaluation/docs/continual_update_report.md",
    "dose_model": "/home/karthick_js/Documents/programs/vitalink_ip_lab/ml_pipeline/warfarin_pipeline/evaluation/models/continual_dose_model_final.joblib",
    "stability_model": "/home/karthick_js/Documents/programs/vitalink_ip_lab/ml_pipeline/warfarin_pipeline/evaluation/models/continual_stability_model_final.joblib"
  }
}