round,train_size,dose_rmse,dose_mae,dose_r2,dose_within_20_pct,stability_rmse,stability_mae,stability_r2,stability_within_7_days_pct
Initial,2500,12.084867016961773,9.737799879709879,0.23887128151693615,32.166666666666664,7.604721067635419,6.14131815592448,-0.4777085524252582,61.66666666666667
Update 1,2800,12.23720017518604,9.802796327590942,0.21956185892288804,30.666666666666664,5.874464076347516,4.7051439952850345,0.1182231088622665,77.83333333333333
Update 2,3100,12.976917879500885,10.406182841300964,0.12235785542470978,32.83333333333333,5.960811635647038,4.755605265299479,0.09211047650781823,76.0
Update 3,3400,12.763671021718725,10.22232696755727,0.1509650636038664,32.83333333333333,5.904438605455438,4.711437489191691,0.1092015952005323,76.5
