{
  "baseline_ridge": {
    "metrics": {
      "mae": 8.74048819826902,
      "r2": 0.4190116695099484,
      "rmse": 11.923135298471708,
      "within_20_pct": 41.41048824593128
    }
  },
  "dataset": "iwpc_warfarin.xls",
  "default_lgbm": {
    "metrics": {
      "mae": 8.837131340363024,
      "r2": 0.4016022323840842,
      "rmse": 12.10045636202703,
      "within_20_pct": 41.68173598553345
    }
  },
  "default_xgb": {
    "metrics": {
      "mae": 8.872383392278799,
      "r2": 0.3826731614312101,
      "rmse": 12.29035271643428,
      "within_20_pct": 42.13381555153707
    }
  },
  "optuna": {
    "cv_splits": 3,
    "trials_per_model": 25
  },
  "split": {
    "random_state": 42,
    "test_size": 0.2
  },
  "tuned_lgbm": {
    "best_cv_rmse": 13.33391672182695,
    "best_params": {
      "colsample_bytree": 0.6528296744060249,
      "learning_rate": 0.018218827946353038,
      "max_depth": 3,
      "min_child_samples": 20,
      "n_estimators": 445,
      "num_leaves": 38,
      "reg_alpha": 0.005545639941752229,
      "reg_lambda": 0.07097419523880641,
      "subsample": 0.8425019015541142
    },
    "metrics": {
      "mae": 8.709072812236089,
      "r2": 0.4208011464792,
      "rmse": 11.904759171615813,
      "within_20_pct": 42.13381555153707
    }
  },
  "tuned_xgb": {
    "best_cv_rmse": 13.245944255881733,
    "best_params": {
      "colsample_bytree": 0.6997735240645564,
      "gamma": 4.266370741608514e-06,
      "learning_rate": 0.030228166354651025,
      "max_depth": 3,
      "min_child_weight": 3,
      "n_estimators": 391,
      "reg_alpha": 1.1291217680012138e-08,
      "reg_lambda": 0.2203752223673274,
      "subsample": 0.8975129119153289
    },
    "metrics": {
      "mae": 8.864835017399159,
      "r2": 0.38307037591674475,
      "rmse": 12.286398010931633,
      "within_20_pct": 41.048824593128394
    }
  },
  "winner": {
    "metrics": {
      "mae": 8.709072812236089,
      "r2": 0.4208011464792,
      "rmse": 11.904759171615813,
      "within_20_pct": 42.13381555153707
    },
    "name": "Optuna-tuned LightGBM"
  }
}